<?xml version="1.0" encoding="UTF-8"?>
<?mso-application progid="Excel.Sheet"?>
<Workbook xmlns="urn:schemas-microsoft-com:office:spreadsheet"
xmlns:o="urn:schemas-microsoft-com:office:office"
xmlns:x="urn:schemas-microsoft-com:office:excel"
xmlns:ss="urn:schemas-microsoft-com:office:spreadsheet"
xmlns:html="http://www.w3.org/TR/REC-html40">
<Worksheet ss:Name="Table1">
	<Table>
		<Column ss:Index="2" ss:AutoFitWidth="0" ss:Width="110"/>
		<Column ss:Index="3" ss:AutoFitWidth="0" ss:Width="110"/>
		<Column ss:Index="4" ss:AutoFitWidth="0" ss:Width="110"/>
		<Row>
			<Cell><Data ss:Type="String">codigo</Data></Cell>
			<Cell><Data ss:Type="String">titulo</Data></Cell>
			<Cell><Data ss:Type="String">autor</Data></Cell>
			<Cell><Data ss:Type="String">genero</Data></Cell>
		</Row>

		<Row>
			<Cell><Data ss:Type="Number">3</Data></Cell>
			<Cell><Data ss:Type="String">Alucinadamente Feliz</Data></Cell>
			<Cell><Data ss:Type="String">Jenny Lawson</Data></Cell>
			<Cell><Data ss:Type="String">Biografia</Data></Cell>
		</Row>
		<Row>
			<Cell><Data ss:Type="Number">6</Data></Cell>
			<Cell><Data ss:Type="String">O Fim da Infancia</Data></Cell>
			<Cell><Data ss:Type="String">Arthur C. Clack</Data></Cell>
			<Cell><Data ss:Type="String">Ficção</Data></Cell>
		</Row>	</Table>
</Worksheet>
</Workbook>
